[{"pk": 1, "model": "contenttypes.contenttype", "fields": {"model": "permission", "name": "permission", "app_label": "auth"}}, {"pk": 2, "model": "contenttypes.contenttype", "fields": {"model": "group", "name": "group", "app_label": "auth"}}, {"pk": 3, "model": "contenttypes.contenttype", "fields": {"model": "contenttype", "name": "content type", "app_label": "contenttypes"}}, {"pk": 4, "model": "contenttypes.contenttype", "fields": {"model": "session", "name": "session", "app_label": "sessions"}}, {"pk": 5, "model": "contenttypes.contenttype", "fields": {"model": "site", "name": "site", "app_label": "sites"}}, {"pk": 6, "model": "contenttypes.contenttype", "fields": {"model": "company", "name": "\u516c\u53f8\u7ba1\u7406", "app_label": "project"}}, {"pk": 7, "model": "contenttypes.contenttype", "fields": {"model": "project", "name": "\u9879\u76ee", "app_label": "project"}}, {"pk": 8, "model": "contenttypes.contenttype", "fields": {"model": "projectmaterial", "name": "\u9879\u76ee\u6750\u6599", "app_label": "project"}}, {"pk": 9, "model": "contenttypes.contenttype", "fields": {"model": "category", "name": "\u7c7b\u522b", "app_label": "material"}}, {"pk": 10, "model": "contenttypes.contenttype", "fields": {"model": "specification", "name": "\u89c4\u683c", "app_label": "material"}}, {"pk": 11, "model": "contenttypes.contenttype", "fields": {"model": "unit", "name": "\u5355\u4f4d", "app_label": "material"}}, {"pk": 12, "model": "contenttypes.contenttype", "fields": {"model": "material", "name": "\u6750\u6599", "app_label": "material"}}, {"pk": 13, "model": "contenttypes.contenttype", "fields": {"model": "vendor", "name": "\u4f9b\u5e94\u5546", "app_label": "material"}}, {"pk": 14, "model": "contenttypes.contenttype", "fields": {"model": "document", "name": "\u5355\u636e", "app_label": "document"}}, {"pk": 15, "model": "contenttypes.contenttype", "fields": {"model": "documentlineitem", "name": "\u5355\u636e\u540d\u7ec6", "app_label": "document"}}, {"pk": 17, "model": "contenttypes.contenttype", "fields": {"model": "route", "name": "\u6d41\u7a0b", "app_label": "workflow"}}, {"pk": 18, "model": "contenttypes.contenttype", "fields": {"model": "actor", "name": "\u6b65\u9aa4", "app_label": "workflow"}}, {"pk": 19, "model": "contenttypes.contenttype", "fields": {"model": "actoruser", "name": "\u6b65\u9aa4\u5904\u7406\u4eba", "app_label": "workflow"}}, {"pk": 20, "model": "contenttypes.contenttype", "fields": {"model": "item", "name": "\u9879\u76ee\u7533\u8bf7", "app_label": "workflow"}}, {"pk": 21, "model": "contenttypes.contenttype", "fields": {"model": "tasklist", "name": "\u4efb\u52a1\u5217\u8868", "app_label": "workflow"}}, {"pk": 22, "model": "contenttypes.contenttype", "fields": {"model": "taskhistory", "name": "\u5ba1\u6838\u65e5\u5fd7", "app_label": "workflow"}}, {"pk": 23, "model": "contenttypes.contenttype", "fields": {"model": "userinfo", "name": "user", "app_label": "user"}}, {"pk": 24, "model": "contenttypes.contenttype", "fields": {"model": "bookmark", "name": "Bookmark", "app_label": "xadmin"}}, {"pk": 25, "model": "contenttypes.contenttype", "fields": {"model": "usersettings", "name": "User Setting", "app_label": "xadmin"}}, {"pk": 26, "model": "contenttypes.contenttype", "fields": {"model": "userwidget", "name": "User Widget", "app_label": "xadmin"}}, {"pk": 27, "model": "contenttypes.contenttype", "fields": {"model": "comment", "name": "comment", "app_label": "comments"}}, {"pk": 28, "model": "contenttypes.contenttype", "fields": {"model": "commentflag", "name": "comment flag", "app_label": "comments"}}, {"pk": 29, "model": "contenttypes.contenttype", "fields": {"model": "order", "name": "\u91c7\u8d2d\u5355", "app_label": "order"}}, {"pk": 30, "model": "contenttypes.contenttype", "fields": {"model": "orderline", "name": "\u91c7\u8d2d\u5355\u540d\u7ec6", "app_label": "order"}}, {"pk": 31, "model": "contenttypes.contenttype", "fields": {"model": "receivingline", "name": "\u5230\u8d27\u5355\u540d\u7ec6", "app_label": "order"}}, {"pk": 32, "model": "contenttypes.contenttype", "fields": {"model": "checkaccount", "name": "\u5bf9\u8d26\u5355", "app_label": "order"}}, {"pk": 33, "model": "contenttypes.contenttype", "fields": {"model": "invoice", "name": "\u53d1\u7968\u7ba1\u7406", "app_label": "order"}}, {"pk": 34, "model": "contenttypes.contenttype", "fields": {"model": "paymenttype", "name": "\u652f\u4ed8\u65b9\u5f0f", "app_label": "payment"}}, {"pk": 35, "model": "contenttypes.contenttype", "fields": {"model": "paymentproperty", "name": "\u6b3e\u9879\u5c5e\u6027", "app_label": "payment"}}, {"pk": 36, "model": "contenttypes.contenttype", "fields": {"model": "payment", "name": "\u4ed8\u6b3e", "app_label": "payment"}}, {"pk": 37, "model": "contenttypes.contenttype", "fields": {"model": "projectsetting", "name": "\u9879\u76ee\u8bbe\u7f6e", "app_label": "setting"}}, {"pk": 38, "model": "contenttypes.contenttype", "fields": {"model": "vendorsetting", "name": "\u4f9b\u5e94\u5546\u8bbe\u7f6e", "app_label": "setting"}}, {"pk": 39, "model": "contenttypes.contenttype", "fields": {"model": "ordernote", "name": "\u91c7\u8d2d\u5355\u6ce8\u610f\u4e8b\u9879", "app_label": "order"}}, {"pk": "1mgjhrfku2rbygqgcjm3pv1wmj3m76cc", "model": "sessions.session", "fields": {"expire_date": "2014-07-21T04:30:15Z", "session_data": "MTFlMGMxN2QxMDhkNGFiZWZiNzExNDM2MWIyODljNzNkYjMzNWZlMjp7IkxJU1RfUVVFUlkiOltbIndvcmtmbG93IiwiaXRlbSJdLCIiXSwiX2F1dGhfdXNlcl9pZCI6MSwiX2F1dGhfdXNlcl9iYWNrZW5kIjoiZGphbmdvLmNvbnRyaWIuYXV0aC5iYWNrZW5kcy5Nb2RlbEJhY2tlbmQiLCJ3aXphcmRfeGFkbWludXNlcndpZGdldF9hZG1pbl93aXphcmRfZm9ybV9wbHVnaW4iOnsic3RlcF9maWxlcyI6e30sInN0ZXAiOm51bGwsImV4dHJhX2RhdGEiOnt9LCJzdGVwX2RhdGEiOnt9fX0="}}, {"pk": "2d4valnwqugjfwxp03cfzbb7vcxazg7i", "model": "sessions.session", "fields": {"expire_date": "2014-07-21T01:53:55Z", "session_data": "ZWY3Y2Y0NWI2NjI5NTI3Yjk2ZDNiMjE5MDJkN2Q5NTU3ODcwOTVhMDp7Il9hdXRoX3VzZXJfaWQiOjEsIl9hdXRoX3VzZXJfYmFja2VuZCI6ImRqYW5nby5jb250cmliLmF1dGguYmFja2VuZHMuTW9kZWxCYWNrZW5kIiwid2l6YXJkX3hhZG1pbnVzZXJ3aWRnZXRfYWRtaW5fd2l6YXJkX2Zvcm1fcGx1Z2luIjp7InN0ZXBfZmlsZXMiOnt9LCJzdGVwIjpudWxsLCJleHRyYV9kYXRhIjp7fSwic3RlcF9kYXRhIjp7fX19"}}, {"pk": "305lzz1c1tk8qk75kll9byojhybrejlx", "model": "sessions.session", "fields": {"expire_date": "2014-07-04T05:38:46Z", "session_data": "NWI1YTM0ZGJmMWRiNDkyMDk4NzhlZTcxZmU3MmU5NWIxZTk0Mjk4OTp7fQ=="}}, {"pk": "3hdexuq41cyvo63ddoekqgwvog4x5lxr", "model": "sessions.session", "fields": {"expire_date": "2014-07-03T05:25:57Z", "session_data": "M2ZhNDJlNTAxMmZlNjE2NTVlZmFmOTE3OGVhYTJlNzQyMWM1NWRmNDp7Il9hdXRoX3VzZXJfYmFja2VuZCI6ImRqYW5nby5jb250cmliLmF1dGguYmFja2VuZHMuTW9kZWxCYWNrZW5kIiwiX2F1dGhfdXNlcl9pZCI6MTB9"}}, {"pk": "3nnak8rrmy3zy54brmsnib6m5jxpskeb", "model": "sessions.session", "fields": {"expire_date": "2014-08-08T04:59:03Z", "session_data": "Y2VmZWYzYzZkNzkwN2RiMjllZjI5ZDE1YTVhMjFlOGJhMTc5YzBkYzp7IkxJU1RfUVVFUlkiOltbInByb2plY3QiLCJwcm9qZWN0bWF0ZXJpYWwiXSwiIl0sIl9hdXRoX3VzZXJfaWQiOjE5LCJfYXV0aF91c2VyX2JhY2tlbmQiOiJkamFuZ28uY29udHJpYi5hdXRoLmJhY2tlbmRzLk1vZGVsQmFja2VuZCJ9"}}, {"pk": "70cpoz7yux8dgkmn6tsglwvvwteg8fph", "model": "sessions.session", "fields": {"expire_date": "2014-06-08T17:07:14Z", "session_data": "NWI1YTM0ZGJmMWRiNDkyMDk4NzhlZTcxZmU3MmU5NWIxZTk0Mjk4OTp7fQ=="}}, {"pk": "7qta3l3bnciek8l6bwwd6aztz2r0h7ys", "model": "sessions.session", "fields": {"expire_date": "2014-06-26T05:08:23Z", "session_data": "MTk4N2E2NjkyYjRiZjcxMTlmNTI0OTgyYzllZTFmOGYwYjhmM2NmZTp7IkxJU1RfUVVFUlkiOltbIndvcmtmbG93IiwiaXRlbSJdLCIiXSwiX2F1dGhfdXNlcl9pZCI6MSwiX2F1dGhfdXNlcl9iYWNrZW5kIjoiZGphbmdvLmNvbnRyaWIuYXV0aC5iYWNrZW5kcy5Nb2RlbEJhY2tlbmQiLCJ3aXphcmRfeGFkbWludXNlcndpZGdldF9hZG1pbl93aXphcmRfZm9ybV9wbHVnaW4iOnsic3RlcF9maWxlcyI6e30sInN0ZXAiOiJXaWRnZXRcdTdjN2JcdTU3OGIiLCJleHRyYV9kYXRhIjp7fSwic3RlcF9kYXRhIjp7fX19"}}, {"pk": "7zkzb9bggvo5iwp9z6merdzse4bey4cz", "model": "sessions.session", "fields": {"expire_date": "2014-06-09T15:18:32Z", "session_data": "ZmJmYjdjZDFmNzAzYTFhMWQzZjBhNzFlMDdlNzhlNTBmYzkxMWNmNjp7IkxJU1RfUVVFUlkiOltbInBheW1lbnQiLCJwYXltZW50Il0sIiJdLCJfYXV0aF91c2VyX2JhY2tlbmQiOiJkamFuZ28uY29udHJpYi5hdXRoLmJhY2tlbmRzLk1vZGVsQmFja2VuZCIsIl9hdXRoX3VzZXJfaWQiOjd9"}}, {"pk": "8i34els2lj9vi7di4aubu8uczfdtqva6", "model": "sessions.session", "fields": {"expire_date": "2014-05-06T06:04:19Z", "session_data": "NWI1YTM0ZGJmMWRiNDkyMDk4NzhlZTcxZmU3MmU5NWIxZTk0Mjk4OTp7fQ=="}}, {"pk": "b8o2xsewr9lwkajpwr2gn3prm1jzj6jr", "model": "sessions.session", "fields": {"expire_date": "2014-07-21T04:55:07Z", "session_data": "NWI1YTM0ZGJmMWRiNDkyMDk4NzhlZTcxZmU3MmU5NWIxZTk0Mjk4OTp7fQ=="}}, {"pk": "dpmq1z3g8e8oo9ttn29iiyh261lr0h1m", "model": "sessions.session", "fields": {"expire_date": "2014-05-13T04:10:36Z", "session_data": "NWI1YTM0ZGJmMWRiNDkyMDk4NzhlZTcxZmU3MmU5NWIxZTk0Mjk4OTp7fQ=="}}, {"pk": "dqnjudpjn7fs6l5hr55zmsamw4qepygi", "model": "sessions.session", "fields": {"expire_date": "2014-04-30T06:02:30Z", "session_data": "NmY0MDI0NTFlYTgyODU4Y2M5NDJhYTJjZjc0OWY4NWEwNDUwZDYwNzp7IkxJU1RfUVVFUlkiOltbInVzZXIiLCJ1c2VyaW5mbyJdLCIiXSwiX2F1dGhfdXNlcl9iYWNrZW5kIjoiZGphbmdvLmNvbnRyaWIuYXV0aC5iYWNrZW5kcy5Nb2RlbEJhY2tlbmQiLCJfYXV0aF91c2VyX2lkIjoxfQ=="}}, {"pk": "e07mp3iy0wb4b2g037abmequlhriaswr", "model": "sessions.session", "fields": {"expire_date": "2014-06-28T15:33:46Z", "session_data": "NWI1YTM0ZGJmMWRiNDkyMDk4NzhlZTcxZmU3MmU5NWIxZTk0Mjk4OTp7fQ=="}}, {"pk": "fm1oj0nm3zqz9ko011uoqbszncfvc8nj", "model": "sessions.session", "fields": {"expire_date": "2014-07-21T05:01:22Z", "session_data": "ZDMzMmVkZmU2MDY3ZjE4NmRlMGFiNWViNTNmMzk4OGZmNjljNWU5NDp7IkxJU1RfUVVFUlkiOltbIndvcmtmbG93IiwiaXRlbSJdLCIiXSwiX2F1dGhfdXNlcl9iYWNrZW5kIjoiZGphbmdvLmNvbnRyaWIuYXV0aC5iYWNrZW5kcy5Nb2RlbEJhY2tlbmQiLCJfYXV0aF91c2VyX2lkIjoxfQ=="}}, {"pk": "ha0hok1a72ebjvdlrhv5f2vy24p7bwvm", "model": "sessions.session", "fields": {"expire_date": "2014-06-29T23:55:32Z", "session_data": "OGMyNzBjNGY0ZWY5Nzc0MDdmMmE5ZmZkZTlkMDA4YjA0M2M3MTQ5Njp7IkxJU1RfUVVFUlkiOltbIndvcmtmbG93IiwiaXRlbSJdLCIiXSwiX2F1dGhfdXNlcl9iYWNrZW5kIjoiZGphbmdvLmNvbnRyaWIuYXV0aC5iYWNrZW5kcy5Nb2RlbEJhY2tlbmQiLCJfYXV0aF91c2VyX2lkIjo3fQ=="}}, {"pk": "ib1bxnrfpwjmh01cbb1dqdkgvx0sy7ul", "model": "sessions.session", "fields": {"expire_date": "2014-06-25T15:29:24Z", "session_data": "ZDVhYTczN2RkOWNiNmM3OGQxOTAxOWM5ZDY5YzEyZWNhODQ1Mzc0NDp7IkxJU1RfUVVFUlkiOltbIndvcmtmbG93IiwiaXRlbSJdLCIiXSwiX2F1dGhfdXNlcl9iYWNrZW5kIjoiZGphbmdvLmNvbnRyaWIuYXV0aC5iYWNrZW5kcy5Nb2RlbEJhY2tlbmQiLCJfYXV0aF91c2VyX2lkIjo0LCJ3aXphcmRfcHJvamVjdHByb2plY3RfYWRtaW5fd2l6YXJkX2Zvcm1fcGx1Z2luIjp7InN0ZXBfZmlsZXMiOnt9LCJzdGVwIjoiXHU5ODc5XHU3NmVlXHU3Mjc5XHU1ZjgxIiwiZXh0cmFfZGF0YSI6e30sInN0ZXBfZGF0YSI6e319fQ=="}}, {"pk": "iuqfxw7tu5nr83gk7ay6ykf3d7en6sz4", "model": "sessions.session", "fields": {"expire_date": "2014-06-10T03:38:43Z", "session_data": "ZmJmYjdjZDFmNzAzYTFhMWQzZjBhNzFlMDdlNzhlNTBmYzkxMWNmNjp7IkxJU1RfUVVFUlkiOltbInBheW1lbnQiLCJwYXltZW50Il0sIiJdLCJfYXV0aF91c2VyX2JhY2tlbmQiOiJkamFuZ28uY29udHJpYi5hdXRoLmJhY2tlbmRzLk1vZGVsQmFja2VuZCIsIl9hdXRoX3VzZXJfaWQiOjd9"}}, {"pk": "j72iuwlpbnoswauq2n92joyb48nxjqnf", "model": "sessions.session", "fields": {"expire_date": "2014-05-13T03:54:28Z", "session_data": "YTA4NDMwZDc1YzEzZTMwOTM3OTYyODU2ODdhMGIxMjNmOTYzOGI2MTp7IkxJU1RfUVVFUlkiOltbImRvY3VtZW50IiwiaW52b2ljZSJdLCIiXSwiX2F1dGhfdXNlcl9iYWNrZW5kIjoiZGphbmdvLmNvbnRyaWIuYXV0aC5iYWNrZW5kcy5Nb2RlbEJhY2tlbmQiLCJfYXV0aF91c2VyX2lkIjo3fQ=="}}, {"pk": "l99me5bwi3ml2m86ic2pziqk07svt56q", "model": "sessions.session", "fields": {"expire_date": "2014-07-13T17:35:20Z", "session_data": "ZmNiY2M0NWNmY2E0Y2YyZmU1Y2QxOTU1NGQxMGQxYjdhOTFiYmEwODp7Il9hdXRoX3VzZXJfYmFja2VuZCI6ImRqYW5nby5jb250cmliLmF1dGguYmFja2VuZHMuTW9kZWxCYWNrZW5kIiwiX2F1dGhfdXNlcl9pZCI6NH0="}}, {"pk": "lef6xawhsxe44truvtuiq79a46qv9qi0", "model": "sessions.session", "fields": {"expire_date": "2014-05-06T05:42:42Z", "session_data": "NWI1YTM0ZGJmMWRiNDkyMDk4NzhlZTcxZmU3MmU5NWIxZTk0Mjk4OTp7fQ=="}}, {"pk": "m0mq0k55584cqjnx2egln6b72206hq1y", "model": "sessions.session", "fields": {"expire_date": "2014-07-21T04:43:55Z", "session_data": "NzA0ZTE0NzExNGFmZjQwY2MyNjU5OTEwZWU5NTRlN2VjMjAwZjhkZDp7IkxJU1RfUVVFUlkiOltbIndvcmtmbG93IiwiaXRlbSJdLCIiXSwiX2F1dGhfdXNlcl9pZCI6MSwiX2F1dGhfdXNlcl9iYWNrZW5kIjoiZGphbmdvLmNvbnRyaWIuYXV0aC5iYWNrZW5kcy5Nb2RlbEJhY2tlbmQiLCJ3aXphcmRfeGFkbWludXNlcndpZGdldF9hZG1pbl93aXphcmRfZm9ybV9wbHVnaW4iOnsic3RlcF9maWxlcyI6eyJXaWRnZXRcdTdjN2JcdTU3OGIiOnt9fSwic3RlcCI6IldpZGdldFx1N2M3Ylx1NTc4YiIsImV4dHJhX2RhdGEiOnt9LCJzdGVwX2RhdGEiOnsiV2lkZ2V0XHU3YzdiXHU1NzhiIjp7InN0ZXBfMC13aWRnZXRfdHlwZSI6WyJsaXN0Il0sIl9zYXZlIjpbIiJdLCJ4YWRtaW51c2Vyd2lkZ2V0X2FkbWluX3dpemFyZF9mb3JtX3BsdWdpbi1jdXJyZW50X3N0ZXAiOlsiV2lkZ2V0XHU3YzdiXHU1NzhiIl0sInN0ZXBfMC1wYWdlX2lkIjpbImhvbWUiXSwidXNlciI6WzFdLCJjc3JmbWlkZGxld2FyZXRva2VuIjpbIlVKazhIMDBTNUJPS3hxVm91eERGWlp1VllpNFMwSFF1IiwiVUprOEgwMFM1Qk9LeHFWb3V4REZaWnVWWWk0UzBIUXUiXX19fX0="}}, {"pk": "nk1b0fuxgucoz3jea8sj7mpe0qtz2y3h", "model": "sessions.session", "fields": {"expire_date": "2014-06-01T03:58:01Z", "session_data": "MmJjMTI3OWMwZGFmNjAwNGQ1Y2RkY2Y5ZWRlMmFhZGZlYjgxYTMzMTp7IkxJU1RfUVVFUlkiOltbImRvY3VtZW50IiwiZG9jdW1lbnQiXSwiIl0sIl9hdXRoX3VzZXJfaWQiOjgsIl9hdXRoX3VzZXJfYmFja2VuZCI6ImRqYW5nby5jb250cmliLmF1dGguYmFja2VuZHMuTW9kZWxCYWNrZW5kIn0="}}, {"pk": "pn0hkkeqvnep7s7vnqphguwfe4txgq6v", "model": "sessions.session", "fields": {"expire_date": "2014-06-28T15:34:11Z", "session_data": "NWI1YTM0ZGJmMWRiNDkyMDk4NzhlZTcxZmU3MmU5NWIxZTk0Mjk4OTp7fQ=="}}, {"pk": "puuzu7ltwfm0gls3mj5lt99suwyys66z", "model": "sessions.session", "fields": {"expire_date": "2014-06-13T05:51:18Z", "session_data": "ZDQ5YmM5MDRiNzYzMjY5M2ZiYTk1MTlkYzQ0MWQ3MzAzNDYzYzE5ZTp7IkxJU1RfUVVFUlkiOltbImF1dGgiLCJncm91cCJdLCIiXSwiX2F1dGhfdXNlcl9pZCI6MSwiX2F1dGhfdXNlcl9iYWNrZW5kIjoiZGphbmdvLmNvbnRyaWIuYXV0aC5iYWNrZW5kcy5Nb2RlbEJhY2tlbmQifQ=="}}, {"pk": "qmk3qbiebgdrauuramvmcpoo5spt6lry", "model": "sessions.session", "fields": {"expire_date": "2014-06-10T04:06:53Z", "session_data": "NWI1YTM0ZGJmMWRiNDkyMDk4NzhlZTcxZmU3MmU5NWIxZTk0Mjk4OTp7fQ=="}}, {"pk": "qshx18f2b26gbjxerttnk7u32q8qyjxy", "model": "sessions.session", "fields": {"expire_date": "2014-05-06T04:47:57Z", "session_data": "ZDU0NDkyMDIzNTIyYzBmYzljMGU2MWY5NmI0NTdhOTIxYTZiNTMwNDp7IkxJU1RfUVVFUlkiOltbIm9yZGVyIiwib3JkZXJsaW5lIl0sIl9xXz1QTzIwMTQwNDIxMjEyMDM5Il0sIl9hdXRoX3VzZXJfYmFja2VuZCI6ImRqYW5nby5jb250cmliLmF1dGguYmFja2VuZHMuTW9kZWxCYWNrZW5kIiwiX2F1dGhfdXNlcl9pZCI6N30="}}, {"pk": "qxu49x0l7u77b6n3ovxb4nm4ugwv1nhd", "model": "sessions.session", "fields": {"expire_date": "2014-07-13T02:17:21Z", "session_data": "YjQ0MWEzZTkxMGIxNmE5OTA4ZGJmOWNjZWQ0MGRhYWRiYWI5ODZmZTp7IkxJU1RfUVVFUlkiOltbImRvY3VtZW50IiwiZG9jdW1lbnRsaW5laXRlbSJdLCJfcV89UE0yMDE0MDYyODE5MTcxNyJdLCJfYXV0aF91c2VyX2JhY2tlbmQiOiJkamFuZ28uY29udHJpYi5hdXRoLmJhY2tlbmRzLk1vZGVsQmFja2VuZCIsIl9hdXRoX3VzZXJfaWQiOjEyfQ=="}}, {"pk": "si248fday3gc7b1qgetc3n041le3xi5e", "model": "sessions.session", "fields": {"expire_date": "2014-05-06T06:01:16Z", "session_data": "MTRhMjI3NTdiODdhYzkwMTE3NDMyZGRmZGRiOTMwNjQ0OWRmZGMwMzp7IkxJU1RfUVVFUlkiOltbIm9yZGVyIiwib3JkZXIiXSwiIl0sIl9hdXRoX3VzZXJfYmFja2VuZCI6ImRqYW5nby5jb250cmliLmF1dGguYmFja2VuZHMuTW9kZWxCYWNrZW5kIiwiX2F1dGhfdXNlcl9pZCI6N30="}}, {"pk": "xocot5pqmjyiocgzhk1n8lshfl79ly1a", "model": "sessions.session", "fields": {"expire_date": "2014-08-08T04:06:59Z", "session_data": "NWI1YTM0ZGJmMWRiNDkyMDk4NzhlZTcxZmU3MmU5NWIxZTk0Mjk4OTp7fQ=="}}, {"pk": "xsiqrhivlw9wyz49hz6w54z39hxfof09", "model": "sessions.session", "fields": {"expire_date": "2014-07-04T00:23:45Z", "session_data": "MWM4YWRjZmQyMzYxZGExYWM0ODQ1NmMwYWI1NTUwMTM1NmQ1MjcyMjp7IkxJU1RfUVVFUlkiOltbIm9yZGVyIiwiY2hlY2thY2NvdW50Il0sIiJdLCJfYXV0aF91c2VyX2JhY2tlbmQiOiJkamFuZ28uY29udHJpYi5hdXRoLmJhY2tlbmRzLk1vZGVsQmFja2VuZCIsIl9hdXRoX3VzZXJfaWQiOjE5fQ=="}}, {"pk": 1, "model": "sites.site", "fields": {"domain": "example.com", "name": "example.com"}}, {"pk": 1, "model": "project.company", "fields": {"phone": "0512-65290001", "fax": "0512-6280990", "name": "\u5357\u4eac\u5e02\u6d88\u9632\u5de5\u7a0b\u6709\u9650\u516c\u53f8\u82cf\u5dde\u5b89\u88c5\u5206\u516c\u53f8", "zip": "215007", "address": "\u82cf\u5dde\u5e02\u5357\u73af\u897f\u8def65\u53f7\u4e8c\u53f7\u697c\u4e8c\u697c"}}, {"pk": 2, "model": "project.company", "fields": {"phone": "0512-65290001", "fax": "0512-6280990", "name": "\u6c5f\u82cf\u5408\u548c\u673a\u7535\u5b89\u88c5\u5de5\u7a0b\u6709\u9650\u516c\u53f8", "zip": "215007", "address": "\u82cf\u5dde\u5e02\u5357\u73af\u897f\u8def65\u53f7\u4e8c\u53f7\u697c\u4e8c\u697c"}}, {"pk": 5, "model": "project.projectmaterial", "fields": {"price": "5.00", "material": 1, "project": 3, "received_quantity": 0, "total": "500.00", "quantity": 100}}, {"pk": 6, "model": "project.projectmaterial", "fields": {"price": "4.00", "material": 2, "project": 3, "received_quantity": 0, "total": "800.00", "quantity": 200}}, {"pk": 7, "model": "project.projectmaterial", "fields": {"price": "95.00", "material": 5, "project": 4, "received_quantity": 0, "total": "950000.00", "quantity": 10000}}, {"pk": 8, "model": "project.projectmaterial", "fields": {"price": "10.00", "material": 2, "project": 4, "received_quantity": 0, "total": "30000.00", "quantity": 3000}}, {"pk": 1, "model": "material.category", "fields": {"name": "\u94a2\u6750"}}, {"pk": 2, "model": "material.category", "fields": {"name": "\u7535\u7f06"}}, {"pk": 3, "model": "material.category", "fields": {"name": "\u62a5\u8b66\u8bbe\u5907"}}, {"pk": 1, "model": "material.specification", "fields": {"name": "4#"}}, {"pk": 2, "model": "material.specification", "fields": {"name": "5#"}}, {"pk": 3, "model": "material.specification", "fields": {"name": "DN150"}}, {"pk": 4, "model": "material.specification", "fields": {"name": "DN100"}}, {"pk": 1, "model": "material.unit", "fields": {"name": "\u7c73"}}, {"pk": 2, "model": "material.unit", "fields": {"name": "\u652f"}}, {"pk": 3, "model": "material.unit", "fields": {"name": "\u53ea"}}, {"pk": 1, "model": "material.material", "fields": {"category": 1, "specification": 1, "name": "\u89d2\u94c1", "unit": 3}}, {"pk": 2, "model": "material.material", "fields": {"category": 1, "specification": 2, "name": "\u89d2\u94c1", "unit": 3}}, {"pk": 3, "model": "material.material", "fields": {"category": 1, "specification": 3, "name": "\u4e09\u901a", "unit": 3}}, {"pk": 4, "model": "material.material", "fields": {"category": 1, "specification": 4, "name": "\u56db\u901a", "unit": 3}}, {"pk": 5, "model": "material.material", "fields": {"category": 1, "specification": 3, "name": "\u9540\u950c\u94a2\u7ba1", "unit": 1}}, {"pk": 1, "model": "material.vendor", "fields": {"category": 1, "cellphone": "139000001", "fax": "0512 6280990", "name": "\u4e8c\u4eae\u7ba1\u9053\u914d\u4ef6\u7ecf\u8425\u90e8", "telephone": "0512 6280990", "comments": "", "website": "http://www.abc.com/", "contact": "\u738b\u7ecf\u7406", "address": "", "account": "", "business_area": "", "email": "admin@exadmin.com", "bank": ""}}, {"pk": 2, "model": "material.vendor", "fields": {"category": 3, "cellphone": "180000001", "fax": "0512-6280990", "name": "\u5065\u4e50\u513f\u4e94\u91d1\u673a\u7535\u5546\u884c", "telephone": "0512 6280990", "comments": "", "website": "http://www.abc.com/", "contact": "\u738b\u7ecf\u7406", "address": "", "account": "", "business_area": "", "email": "admin@exadmin.com", "bank": ""}}, {"pk": 1, "model": "order.ordernote", "fields": {"note": "\u6ce8\u610f\u4e8b\u9879\uff1a\r\n               1. \u7b7e\u5355\u56de\u4f20\uff1a \u4f9b\u65b9\u5e94\u4e8e\u4e8c\u65e5\u5185\u5c31\u672c\u5408\u540c\u7b7e\u7ae0\u786e\u8ba4\u56de\u4f20\uff0c\u903e\u671f\u672a\u7b7e\u56de\u89c6\u540c\u672c\u5408\u540c\u4f5c\u5e9f\u3002\r\n               2. \u4ea4\u8d27\u4e8b\u5b9c\uff1a \u8bf7\u4f9b\u65b9\u52a1\u5fc5\u9075\u5b88\u672c\u5408\u540c\u4ea4\u8d27\u65e5\u671f\u3001\u6570\u91cf\uff0c\u5982\u6709\u53d8\u52a8\u5e94\u4e8b\u5148\u4ee5\u4e66\u9762\u4f20\u771f\r\n                                        \u8c03\u6574\u4ea4\u8d27\u671f\u3002\u4f9b\u65b9\u5ef6\u8fdf\u4ea4\u8d27\u5bf9\u672c\u516c\u53f8\u9020\u6210\u91cd\u5927\u635f\u5931\u7684\uff0c\u5176\u635f\u5931\u4f9b\u65b9\u5e94\u4ed8\u5168\u8d23\u3002\r\n               3. \u8d28\u91cf\u8981\u6c42\uff1a \u7b26\u5408\u56fd\u5bb6\u6807\u51c6\u53ca\u6211\u65b9\u8ba2\u8d27\u8981\u6c42\uff0c\u5982\u51fa\u73b0\u8d28\u91cf\u4e0e\u8ba2\u5355\u4e0d\u7b26\u73b0\u8c61\u540c\u4f9b\u65b9\u8d1f\u8d23\r\n                                        \u9000\u6362\uff0c\u53e6\u6263\u9664\u672c\u5408\u540c\u603b\u4ef7\u768410%\u4f5c\u4e3a\u8fdd\u7ea6\u91d1\u3002\r\n               4. \u8bf7\u6b3e\u624b\u7eed\uff1a \u51ed\u73b0\u573a\u9a8c\u6536\u5408\u683c\u7b7e\u6536\u7684\u9001\u8d27\u5355\u5728\u6bcf\u6708\u768425\u65e5\u524d\u81f3\u6211\u53f8\u8fdb\u884c\u5bf9\u8d26\uff0c\u6b21\u6708\r\n                                        \u4e2d\u65ec\u4ed8\u6b3e\u3002\u5982\u5f53\u6709\u4e0d\u524d\u6765\u5bf9\u8d26\u7684\u5c06\u5ef6\u81f3\u4e0b\u4e2a\u6708\uff0c\u4ed8\u6b3e\u4e5f\u5982\u6b64\u3002\r\n               5. \u5176\u5b83\u7ea6\u5b9a\uff1a \u9001\u8d27\u65f6\u8bf7\u9644\u4ea7\u54c1\u68c0\u9a8c\u62a5\u544a\u53ca\u5408\u683c\u8bc1\u539f\u4ef6\u3002", "name": "\u6ce8\u610f\u4e8b\u98791"}}, {"pk": 2, "model": "order.ordernote", "fields": {"note": "ddd", "name": "\u6ce8\u610f\u4e8b\u98792"}}, {"pk": 1, "model": "payment.paymenttype", "fields": {"name": "\u8f6c\u5e10"}}, {"pk": 2, "model": "payment.paymenttype", "fields": {"name": "\u73b0\u91d1"}}, {"pk": 3, "model": "payment.paymenttype", "fields": {"name": "\u6210\u5bf9\u6c47\u7968"}}, {"pk": 1, "model": "payment.paymentproperty", "fields": {"name": "\u5408\u540c\u9884\u4ed8\u6b3e"}}, {"pk": 2, "model": "payment.paymentproperty", "fields": {"name": "\u5408\u540c\u8fdb\u5ea6\u6b3e"}}, {"pk": 3, "model": "payment.paymentproperty", "fields": {"name": "\u5408\u540c\u7ed3\u7b97\u6b3e"}}, {"pk": 4, "model": "payment.paymentproperty", "fields": {"name": "\u5408\u540c\u62d6\u6b20\u6b3e"}}, {"pk": 1, "model": "setting.vendorsetting", "fields": {"before_2013_owed_amount": "100.00", "before_2013_owed_invoice": "100.00", "company": 1, "vendor": 1}}, {"pk": 2, "model": "setting.vendorsetting", "fields": {"before_2013_owed_amount": "50.00", "before_2013_owed_invoice": "50.00", "company": 2, "vendor": 1}}, {"pk": 1, "model": "workflow.actor", "fields": {"actor_name": "\u9884\u7b97\u90e8\u95e8\u7ecf\u7406\u5ba1\u6279", "route": 1, "sort_order": 1}}, {"pk": 2, "model": "workflow.actor", "fields": {"actor_name": "\u526f\u603b\u7ecf\u7406\u5ba1\u6279", "route": 1, "sort_order": 2}}, {"pk": 3, "model": "workflow.actor", "fields": {"actor_name": "\u603b\u7ecf\u7406\u5ba1\u6279", "route": 1, "sort_order": 3}}, {"pk": 4, "model": "workflow.actor", "fields": {"actor_name": "\u9884\u7b97\u90e8\u95e8\u7ecf\u7406\u5ba1\u6279", "route": 2, "sort_order": 1}}, {"pk": 5, "model": "workflow.actor", "fields": {"actor_name": "\u526f\u603b\u7ecf\u7406\u5ba1\u6279", "route": 2, "sort_order": 2}}, {"pk": 6, "model": "workflow.actor", "fields": {"actor_name": "\u603b\u7ecf\u7406\u5ba1\u6279", "route": 2, "sort_order": 4}}, {"pk": 7, "model": "workflow.actor", "fields": {"actor_name": "\u8d22\u52a1\u90e8\u95e8\u7ecf\u7406\u7533\u6279", "route": 2, "sort_order": 3}}, {"pk": 1, "model": "auth.permission", "fields": {"codename": "add_permission", "name": "Can add permission", "content_type": 1}}, {"pk": 2, "model": "auth.permission", "fields": {"codename": "change_permission", "name": "Can change permission", "content_type": 1}}, {"pk": 3, "model": "auth.permission", "fields": {"codename": "delete_permission", "name": "Can delete permission", "content_type": 1}}, {"pk": 4, "model": "auth.permission", "fields": {"codename": "add_group", "name": "Can add group", "content_type": 2}}, {"pk": 5, "model": "auth.permission", "fields": {"codename": "change_group", "name": "Can change group", "content_type": 2}}, {"pk": 6, "model": "auth.permission", "fields": {"codename": "delete_group", "name": "Can delete group", "content_type": 2}}, {"pk": 7, "model": "auth.permission", "fields": {"codename": "view_group", "name": "Can view group", "content_type": 2}}, {"pk": 8, "model": "auth.permission", "fields": {"codename": "view_permission", "name": "Can view permission", "content_type": 1}}, {"pk": 9, "model": "auth.permission", "fields": {"codename": "add_contenttype", "name": "Can add content type", "content_type": 3}}, {"pk": 10, "model": "auth.permission", "fields": {"codename": "change_contenttype", "name": "Can change content type", "content_type": 3}}, {"pk": 11, "model": "auth.permission", "fields": {"codename": "delete_contenttype", "name": "Can delete content type", "content_type": 3}}, {"pk": 12, "model": "auth.permission", "fields": {"codename": "view_contenttype", "name": "Can view content type", "content_type": 3}}, {"pk": 13, "model": "auth.permission", "fields": {"codename": "add_session", "name": "Can add session", "content_type": 4}}, {"pk": 14, "model": "auth.permission", "fields": {"codename": "change_session", "name": "Can change session", "content_type": 4}}, {"pk": 15, "model": "auth.permission", "fields": {"codename": "delete_session", "name": "Can delete session", "content_type": 4}}, {"pk": 16, "model": "auth.permission", "fields": {"codename": "view_session", "name": "Can view session", "content_type": 4}}, {"pk": 17, "model": "auth.permission", "fields": {"codename": "add_site", "name": "Can add site", "content_type": 5}}, {"pk": 18, "model": "auth.permission", "fields": {"codename": "change_site", "name": "Can change site", "content_type": 5}}, {"pk": 19, "model": "auth.permission", "fields": {"codename": "delete_site", "name": "Can delete site", "content_type": 5}}, {"pk": 20, "model": "auth.permission", "fields": {"codename": "view_site", "name": "Can view site", "content_type": 5}}, {"pk": 21, "model": "auth.permission", "fields": {"codename": "add_company", "name": "Can add \u516c\u53f8\u7ba1\u7406", "content_type": 6}}, {"pk": 22, "model": "auth.permission", "fields": {"codename": "change_company", "name": "Can change \u516c\u53f8\u7ba1\u7406", "content_type": 6}}, {"pk": 23, "model": "auth.permission", "fields": {"codename": "delete_company", "name": "Can delete \u516c\u53f8\u7ba1\u7406", "content_type": 6}}, {"pk": 24, "model": "auth.permission", "fields": {"codename": "add_project", "name": "Can add \u9879\u76ee", "content_type": 7}}, {"pk": 25, "model": "auth.permission", "fields": {"codename": "change_project", "name": "Can change \u9879\u76ee", "content_type": 7}}, {"pk": 26, "model": "auth.permission", "fields": {"codename": "delete_project", "name": "Can delete \u9879\u76ee", "content_type": 7}}, {"pk": 27, "model": "auth.permission", "fields": {"codename": "add_projectmaterial", "name": "Can add \u9879\u76ee\u6750\u6599", "content_type": 8}}, {"pk": 28, "model": "auth.permission", "fields": {"codename": "change_projectmaterial", "name": "Can change \u9879\u76ee\u6750\u6599", "content_type": 8}}, {"pk": 29, "model": "auth.permission", "fields": {"codename": "delete_projectmaterial", "name": "Can delete \u9879\u76ee\u6750\u6599", "content_type": 8}}, {"pk": 30, "model": "auth.permission", "fields": {"codename": "view_company", "name": "Can view \u516c\u53f8\u7ba1\u7406", "content_type": 6}}, {"pk": 31, "model": "auth.permission", "fields": {"codename": "view_project", "name": "Can view \u9879\u76ee", "content_type": 7}}, {"pk": 32, "model": "auth.permission", "fields": {"codename": "view_projectmaterial", "name": "Can view \u9879\u76ee\u6750\u6599", "content_type": 8}}, {"pk": 33, "model": "auth.permission", "fields": {"codename": "add_category", "name": "Can add \u7c7b\u522b", "content_type": 9}}, {"pk": 34, "model": "auth.permission", "fields": {"codename": "change_category", "name": "Can change \u7c7b\u522b", "content_type": 9}}, {"pk": 35, "model": "auth.permission", "fields": {"codename": "delete_category", "name": "Can delete \u7c7b\u522b", "content_type": 9}}, {"pk": 36, "model": "auth.permission", "fields": {"codename": "add_specification", "name": "Can add \u89c4\u683c", "content_type": 10}}, {"pk": 37, "model": "auth.permission", "fields": {"codename": "change_specification", "name": "Can change \u89c4\u683c", "content_type": 10}}, {"pk": 38, "model": "auth.permission", "fields": {"codename": "delete_specification", "name": "Can delete \u89c4\u683c", "content_type": 10}}, {"pk": 39, "model": "auth.permission", "fields": {"codename": "add_unit", "name": "Can add \u5355\u4f4d", "content_type": 11}}, {"pk": 40, "model": "auth.permission", "fields": {"codename": "change_unit", "name": "Can change \u5355\u4f4d", "content_type": 11}}, {"pk": 41, "model": "auth.permission", "fields": {"codename": "delete_unit", "name": "Can delete \u5355\u4f4d", "content_type": 11}}, {"pk": 42, "model": "auth.permission", "fields": {"codename": "add_material", "name": "Can add \u6750\u6599", "content_type": 12}}, {"pk": 43, "model": "auth.permission", "fields": {"codename": "change_material", "name": "Can change \u6750\u6599", "content_type": 12}}, {"pk": 44, "model": "auth.permission", "fields": {"codename": "delete_material", "name": "Can delete \u6750\u6599", "content_type": 12}}, {"pk": 45, "model": "auth.permission", "fields": {"codename": "add_vendor", "name": "Can add \u4f9b\u5e94\u5546", "content_type": 13}}, {"pk": 46, "model": "auth.permission", "fields": {"codename": "change_vendor", "name": "Can change \u4f9b\u5e94\u5546", "content_type": 13}}, {"pk": 47, "model": "auth.permission", "fields": {"codename": "delete_vendor", "name": "Can delete \u4f9b\u5e94\u5546", "content_type": 13}}, {"pk": 48, "model": "auth.permission", "fields": {"codename": "view_vendor", "name": "Can view \u4f9b\u5e94\u5546", "content_type": 13}}, {"pk": 49, "model": "auth.permission", "fields": {"codename": "view_unit", "name": "Can view \u5355\u4f4d", "content_type": 11}}, {"pk": 50, "model": "auth.permission", "fields": {"codename": "view_material", "name": "Can view \u6750\u6599", "content_type": 12}}, {"pk": 51, "model": "auth.permission", "fields": {"codename": "view_category", "name": "Can view \u7c7b\u522b", "content_type": 9}}, {"pk": 52, "model": "auth.permission", "fields": {"codename": "view_specification", "name": "Can view \u89c4\u683c", "content_type": 10}}, {"pk": 53, "model": "auth.permission", "fields": {"codename": "add_document", "name": "Can add \u5355\u636e", "content_type": 14}}, {"pk": 54, "model": "auth.permission", "fields": {"codename": "change_document", "name": "Can change \u5355\u636e", "content_type": 14}}, {"pk": 55, "model": "auth.permission", "fields": {"codename": "delete_document", "name": "Can delete \u5355\u636e", "content_type": 14}}, {"pk": 56, "model": "auth.permission", "fields": {"codename": "add_documentlineitem", "name": "Can add \u5355\u636e\u540d\u7ec6", "content_type": 15}}, {"pk": 57, "model": "auth.permission", "fields": {"codename": "change_documentlineitem", "name": "Can change \u5355\u636e\u540d\u7ec6", "content_type": 15}}, {"pk": 58, "model": "auth.permission", "fields": {"codename": "delete_documentlineitem", "name": "Can delete \u5355\u636e\u540d\u7ec6", "content_type": 15}}, {"pk": 62, "model": "auth.permission", "fields": {"codename": "view_document", "name": "Can view \u5355\u636e", "content_type": 14}}, {"pk": 63, "model": "auth.permission", "fields": {"codename": "view_documentlineitem", "name": "Can view \u5355\u636e\u540d\u7ec6", "content_type": 15}}, {"pk": 65, "model": "auth.permission", "fields": {"codename": "add_route", "name": "Can add \u6d41\u7a0b", "content_type": 17}}, {"pk": 66, "model": "auth.permission", "fields": {"codename": "change_route", "name": "Can change \u6d41\u7a0b", "content_type": 17}}, {"pk": 67, "model": "auth.permission", "fields": {"codename": "delete_route", "name": "Can delete \u6d41\u7a0b", "content_type": 17}}, {"pk": 68, "model": "auth.permission", "fields": {"codename": "add_actor", "name": "Can add \u6b65\u9aa4", "content_type": 18}}, {"pk": 69, "model": "auth.permission", "fields": {"codename": "change_actor", "name": "Can change \u6b65\u9aa4", "content_type": 18}}, {"pk": 70, "model": "auth.permission", "fields": {"codename": "delete_actor", "name": "Can delete \u6b65\u9aa4", "content_type": 18}}, {"pk": 71, "model": "auth.permission", "fields": {"codename": "add_actoruser", "name": "Can add \u6b65\u9aa4\u5904\u7406\u4eba", "content_type": 19}}, {"pk": 72, "model": "auth.permission", "fields": {"codename": "change_actoruser", "name": "Can change \u6b65\u9aa4\u5904\u7406\u4eba", "content_type": 19}}, {"pk": 73, "model": "auth.permission", "fields": {"codename": "delete_actoruser", "name": "Can delete \u6b65\u9aa4\u5904\u7406\u4eba", "content_type": 19}}, {"pk": 74, "model": "auth.permission", "fields": {"codename": "add_item", "name": "Can add \u9879\u76ee\u7533\u8bf7", "content_type": 20}}, {"pk": 75, "model": "auth.permission", "fields": {"codename": "change_item", "name": "Can change \u9879\u76ee\u7533\u8bf7", "content_type": 20}}, {"pk": 76, "model": "auth.permission", "fields": {"codename": "delete_item", "name": "Can delete \u9879\u76ee\u7533\u8bf7", "content_type": 20}}, {"pk": 77, "model": "auth.permission", "fields": {"codename": "add_tasklist", "name": "Can add \u4efb\u52a1\u5217\u8868", "content_type": 21}}, {"pk": 78, "model": "auth.permission", "fields": {"codename": "change_tasklist", "name": "Can change \u4efb\u52a1\u5217\u8868", "content_type": 21}}, {"pk": 79, "model": "auth.permission", "fields": {"codename": "delete_tasklist", "name": "Can delete \u4efb\u52a1\u5217\u8868", "content_type": 21}}, {"pk": 80, "model": "auth.permission", "fields": {"codename": "add_taskhistory", "name": "Can add \u5ba1\u6838\u65e5\u5fd7", "content_type": 22}}, {"pk": 81, "model": "auth.permission", "fields": {"codename": "change_taskhistory", "name": "Can change \u5ba1\u6838\u65e5\u5fd7", "content_type": 22}}, {"pk": 82, "model": "auth.permission", "fields": {"codename": "delete_taskhistory", "name": "Can delete \u5ba1\u6838\u65e5\u5fd7", "content_type": 22}}, {"pk": 83, "model": "auth.permission", "fields": {"codename": "view_tasklist", "name": "Can view \u4efb\u52a1\u5217\u8868", "content_type": 21}}, {"pk": 84, "model": "auth.permission", "fields": {"codename": "view_taskhistory", "name": "Can view \u5ba1\u6838\u65e5\u5fd7", "content_type": 22}}, {"pk": 85, "model": "auth.permission", "fields": {"codename": "view_actor", "name": "Can view \u6b65\u9aa4", "content_type": 18}}, {"pk": 86, "model": "auth.permission", "fields": {"codename": "view_actoruser", "name": "Can view \u6b65\u9aa4\u5904\u7406\u4eba", "content_type": 19}}, {"pk": 87, "model": "auth.permission", "fields": {"codename": "view_route", "name": "Can view \u6d41\u7a0b", "content_type": 17}}, {"pk": 88, "model": "auth.permission", "fields": {"codename": "view_item", "name": "Can view \u9879\u76ee\u7533\u8bf7", "content_type": 20}}, {"pk": 89, "model": "auth.permission", "fields": {"codename": "add_userinfo", "name": "Can add user", "content_type": 23}}, {"pk": 90, "model": "auth.permission", "fields": {"codename": "change_userinfo", "name": "Can change user", "content_type": 23}}, {"pk": 91, "model": "auth.permission", "fields": {"codename": "delete_userinfo", "name": "Can delete user", "content_type": 23}}, {"pk": 92, "model": "auth.permission", "fields": {"codename": "view_userinfo", "name": "Can view user", "content_type": 23}}, {"pk": 93, "model": "auth.permission", "fields": {"codename": "add_bookmark", "name": "Can add Bookmark", "content_type": 24}}, {"pk": 94, "model": "auth.permission", "fields": {"codename": "change_bookmark", "name": "Can change Bookmark", "content_type": 24}}, {"pk": 95, "model": "auth.permission", "fields": {"codename": "delete_bookmark", "name": "Can delete Bookmark", "content_type": 24}}, {"pk": 96, "model": "auth.permission", "fields": {"codename": "add_usersettings", "name": "Can add User Setting", "content_type": 25}}, {"pk": 97, "model": "auth.permission", "fields": {"codename": "change_usersettings", "name": "Can change User Setting", "content_type": 25}}, {"pk": 98, "model": "auth.permission", "fields": {"codename": "delete_usersettings", "name": "Can delete User Setting", "content_type": 25}}, {"pk": 99, "model": "auth.permission", "fields": {"codename": "add_userwidget", "name": "Can add User Widget", "content_type": 26}}, {"pk": 100, "model": "auth.permission", "fields": {"codename": "change_userwidget", "name": "Can change User Widget", "content_type": 26}}, {"pk": 101, "model": "auth.permission", "fields": {"codename": "delete_userwidget", "name": "Can delete User Widget", "content_type": 26}}, {"pk": 102, "model": "auth.permission", "fields": {"codename": "view_bookmark", "name": "Can view Bookmark", "content_type": 24}}, {"pk": 103, "model": "auth.permission", "fields": {"codename": "view_usersettings", "name": "Can view User Setting", "content_type": 25}}, {"pk": 104, "model": "auth.permission", "fields": {"codename": "view_userwidget", "name": "Can view User Widget", "content_type": 26}}, {"pk": 105, "model": "auth.permission", "fields": {"codename": "add_comment", "name": "Can add comment", "content_type": 27}}, {"pk": 106, "model": "auth.permission", "fields": {"codename": "change_comment", "name": "Can change comment", "content_type": 27}}, {"pk": 107, "model": "auth.permission", "fields": {"codename": "delete_comment", "name": "Can delete comment", "content_type": 27}}, {"pk": 108, "model": "auth.permission", "fields": {"codename": "can_moderate", "name": "Can moderate comments", "content_type": 27}}, {"pk": 109, "model": "auth.permission", "fields": {"codename": "add_commentflag", "name": "Can add comment flag", "content_type": 28}}, {"pk": 110, "model": "auth.permission", "fields": {"codename": "change_commentflag", "name": "Can change comment flag", "content_type": 28}}, {"pk": 111, "model": "auth.permission", "fields": {"codename": "delete_commentflag", "name": "Can delete comment flag", "content_type": 28}}, {"pk": 112, "model": "auth.permission", "fields": {"codename": "view_comment", "name": "Can view comment", "content_type": 27}}, {"pk": 113, "model": "auth.permission", "fields": {"codename": "view_commentflag", "name": "Can view comment flag", "content_type": 28}}, {"pk": 114, "model": "auth.permission", "fields": {"codename": "add_order", "name": "Can add \u91c7\u8d2d\u5355", "content_type": 29}}, {"pk": 115, "model": "auth.permission", "fields": {"codename": "change_order", "name": "Can change \u91c7\u8d2d\u5355", "content_type": 29}}, {"pk": 116, "model": "auth.permission", "fields": {"codename": "delete_order", "name": "Can delete \u91c7\u8d2d\u5355", "content_type": 29}}, {"pk": 117, "model": "auth.permission", "fields": {"codename": "add_orderline", "name": "Can add \u91c7\u8d2d\u5355\u540d\u7ec6", "content_type": 30}}, {"pk": 118, "model": "auth.permission", "fields": {"codename": "change_orderline", "name": "Can change \u91c7\u8d2d\u5355\u540d\u7ec6", "content_type": 30}}, {"pk": 119, "model": "auth.permission", "fields": {"codename": "delete_orderline", "name": "Can delete \u91c7\u8d2d\u5355\u540d\u7ec6", "content_type": 30}}, {"pk": 120, "model": "auth.permission", "fields": {"codename": "view_order", "name": "Can view \u91c7\u8d2d\u5355", "content_type": 29}}, {"pk": 121, "model": "auth.permission", "fields": {"codename": "view_orderline", "name": "Can view \u91c7\u8d2d\u5355\u540d\u7ec6", "content_type": 30}}, {"pk": 122, "model": "auth.permission", "fields": {"codename": "add_receivingline", "name": "Can add \u5230\u8d27\u5355\u540d\u7ec6", "content_type": 31}}, {"pk": 123, "model": "auth.permission", "fields": {"codename": "change_receivingline", "name": "Can change \u5230\u8d27\u5355\u540d\u7ec6", "content_type": 31}}, {"pk": 124, "model": "auth.permission", "fields": {"codename": "delete_receivingline", "name": "Can delete \u5230\u8d27\u5355\u540d\u7ec6", "content_type": 31}}, {"pk": 125, "model": "auth.permission", "fields": {"codename": "view_receivingline", "name": "Can view \u5230\u8d27\u5355\u540d\u7ec6", "content_type": 31}}, {"pk": 126, "model": "auth.permission", "fields": {"codename": "add_checkaccount", "name": "Can add \u5bf9\u8d26\u5355", "content_type": 32}}, {"pk": 127, "model": "auth.permission", "fields": {"codename": "change_checkaccount", "name": "Can change \u5bf9\u8d26\u5355", "content_type": 32}}, {"pk": 128, "model": "auth.permission", "fields": {"codename": "delete_checkaccount", "name": "Can delete \u5bf9\u8d26\u5355", "content_type": 32}}, {"pk": 129, "model": "auth.permission", "fields": {"codename": "view_checkaccount", "name": "Can view \u5bf9\u8d26\u5355", "content_type": 32}}, {"pk": 130, "model": "auth.permission", "fields": {"codename": "add_invoice", "name": "Can add \u53d1\u7968\u7ba1\u7406", "content_type": 33}}, {"pk": 131, "model": "auth.permission", "fields": {"codename": "change_invoice", "name": "Can change \u53d1\u7968\u7ba1\u7406", "content_type": 33}}, {"pk": 132, "model": "auth.permission", "fields": {"codename": "delete_invoice", "name": "Can delete \u53d1\u7968\u7ba1\u7406", "content_type": 33}}, {"pk": 133, "model": "auth.permission", "fields": {"codename": "view_invoice", "name": "Can view \u53d1\u7968\u7ba1\u7406", "content_type": 33}}, {"pk": 134, "model": "auth.permission", "fields": {"codename": "add_paymenttype", "name": "Can add \u652f\u4ed8\u65b9\u5f0f", "content_type": 34}}, {"pk": 135, "model": "auth.permission", "fields": {"codename": "change_paymenttype", "name": "Can change \u652f\u4ed8\u65b9\u5f0f", "content_type": 34}}, {"pk": 136, "model": "auth.permission", "fields": {"codename": "delete_paymenttype", "name": "Can delete \u652f\u4ed8\u65b9\u5f0f", "content_type": 34}}, {"pk": 137, "model": "auth.permission", "fields": {"codename": "add_paymentproperty", "name": "Can add \u6b3e\u9879\u5c5e\u6027", "content_type": 35}}, {"pk": 138, "model": "auth.permission", "fields": {"codename": "change_paymentproperty", "name": "Can change \u6b3e\u9879\u5c5e\u6027", "content_type": 35}}, {"pk": 139, "model": "auth.permission", "fields": {"codename": "delete_paymentproperty", "name": "Can delete \u6b3e\u9879\u5c5e\u6027", "content_type": 35}}, {"pk": 140, "model": "auth.permission", "fields": {"codename": "view_paymenttype", "name": "Can view \u652f\u4ed8\u65b9\u5f0f", "content_type": 34}}, {"pk": 141, "model": "auth.permission", "fields": {"codename": "view_paymentproperty", "name": "Can view \u6b3e\u9879\u5c5e\u6027", "content_type": 35}}, {"pk": 142, "model": "auth.permission", "fields": {"codename": "add_payment", "name": "Can add \u4ed8\u6b3e", "content_type": 36}}, {"pk": 143, "model": "auth.permission", "fields": {"codename": "change_payment", "name": "Can change \u4ed8\u6b3e", "content_type": 36}}, {"pk": 144, "model": "auth.permission", "fields": {"codename": "delete_payment", "name": "Can delete \u4ed8\u6b3e", "content_type": 36}}, {"pk": 145, "model": "auth.permission", "fields": {"codename": "view_payment", "name": "Can view \u4ed8\u6b3e", "content_type": 36}}, {"pk": 146, "model": "auth.permission", "fields": {"codename": "accountView_payment", "name": "account view payment", "content_type": 36}}, {"pk": 147, "model": "auth.permission", "fields": {"codename": "add_projectsetting", "name": "Can add \u9879\u76ee\u8bbe\u7f6e", "content_type": 37}}, {"pk": 148, "model": "auth.permission", "fields": {"codename": "change_projectsetting", "name": "Can change \u9879\u76ee\u8bbe\u7f6e", "content_type": 37}}, {"pk": 149, "model": "auth.permission", "fields": {"codename": "delete_projectsetting", "name": "Can delete \u9879\u76ee\u8bbe\u7f6e", "content_type": 37}}, {"pk": 150, "model": "auth.permission", "fields": {"codename": "view_projectsetting", "name": "Can view \u9879\u76ee\u8bbe\u7f6e", "content_type": 37}}, {"pk": 151, "model": "auth.permission", "fields": {"codename": "add_vendorsetting", "name": "Can add \u4f9b\u5e94\u5546\u8bbe\u7f6e", "content_type": 38}}, {"pk": 152, "model": "auth.permission", "fields": {"codename": "change_vendorsetting", "name": "Can change \u4f9b\u5e94\u5546\u8bbe\u7f6e", "content_type": 38}}, {"pk": 153, "model": "auth.permission", "fields": {"codename": "delete_vendorsetting", "name": "Can delete \u4f9b\u5e94\u5546\u8bbe\u7f6e", "content_type": 38}}, {"pk": 154, "model": "auth.permission", "fields": {"codename": "view_vendorsetting", "name": "Can view \u4f9b\u5e94\u5546\u8bbe\u7f6e", "content_type": 38}}, {"pk": 155, "model": "auth.permission", "fields": {"codename": "search_price_orderline", "name": "search_price", "content_type": 30}}, {"pk": 156, "model": "auth.permission", "fields": {"codename": "add_ordernote", "name": "Can add \u91c7\u8d2d\u5355\u6ce8\u610f\u4e8b\u9879", "content_type": 39}}, {"pk": 157, "model": "auth.permission", "fields": {"codename": "change_ordernote", "name": "Can change \u91c7\u8d2d\u5355\u6ce8\u610f\u4e8b\u9879", "content_type": 39}}, {"pk": 158, "model": "auth.permission", "fields": {"codename": "delete_ordernote", "name": "Can delete \u91c7\u8d2d\u5355\u6ce8\u610f\u4e8b\u9879", "content_type": 39}}, {"pk": 159, "model": "auth.permission", "fields": {"codename": "view_ordernote", "name": "Can view \u91c7\u8d2d\u5355\u6ce8\u610f\u4e8b\u9879", "content_type": 39}}, {"pk": 1, "model": "auth.group", "fields": {"name": "\u603b\u7ecf\u7406", "permissions": [53, 54, 55, 62, 56, 57, 58, 63, 33, 34, 35, 51, 42, 43, 44, 50, 36, 37, 38, 52, 39, 40, 41, 49, 45, 46, 47, 48, 129, 133, 120, 155, 121, 143, 145, 21, 22, 23, 30, 24, 25, 26, 31, 27, 28, 29, 32, 75, 88, 84, 77, 78, 79, 83]}}, {"pk": 2, "model": "auth.group", "fields": {"name": "\u526f\u603b\u7ecf\u7406", "permissions": [53, 54, 55, 62, 56, 57, 58, 63, 33, 34, 35, 51, 42, 43, 44, 50, 36, 37, 38, 52, 39, 40, 41, 49, 45, 46, 47, 48, 129, 133, 120, 155, 121, 143, 145, 21, 22, 23, 30, 24, 25, 26, 31, 27, 28, 29, 32, 75, 88, 84]}}, {"pk": 3, "model": "auth.group", "fields": {"name": "\u9884\u7b97\u90e8\u95e8\u7ecf\u7406", "permissions": [53, 54, 55, 62, 56, 57, 58, 63, 33, 34, 35, 51, 42, 43, 44, 50, 36, 37, 38, 52, 39, 40, 41, 49, 45, 46, 47, 48, 129, 133, 120, 155, 121, 143, 145, 21, 22, 23, 30, 24, 25, 26, 31, 27, 28, 29, 32, 75, 88, 84, 77, 78, 79, 83]}}, {"pk": 4, "model": "auth.group", "fields": {"name": "\u9884\u7b97\u90e8\u95e8", "permissions": [62, 63, 51, 42, 43, 44, 50, 36, 37, 38, 52, 39, 40, 41, 49, 48, 120, 155, 121, 24, 25, 26, 31, 27, 28, 29, 32, 88, 84, 83]}}, {"pk": 5, "model": "auth.group", "fields": {"name": "\u91c7\u8d2d\u90e8\u95e8", "permissions": [57, 63, 51, 50, 52, 49, 45, 46, 47, 48, 128, 129, 130, 131, 132, 133, 114, 115, 116, 120, 117, 118, 119, 121, 156, 157, 158, 159, 122, 123, 124, 125, 142, 143, 144, 145, 137, 138, 139, 141, 134, 135, 136, 140, 30, 31, 32, 147, 148, 149, 150, 151, 152, 153, 154, 75, 88, 84]}}, {"pk": 6, "model": "auth.group", "fields": {"name": "\u5de5\u7a0b\u90e8\u95e8", "permissions": [53, 54, 55, 62, 56, 57, 58, 63, 33, 51, 50, 36, 52, 39, 49, 31, 32, 75, 76, 88, 84, 77, 78, 79, 83]}}, {"pk": 7, "model": "auth.group", "fields": {"name": "\u8d22\u52a1\u90e8\u95e8", "permissions": [146, 143, 145, 84]}}, {"pk": 8, "model": "auth.group", "fields": {"name": "\u8d22\u52a1\u90e8\u95e8\u7ecf\u7406", "permissions": [143, 145, 75, 88, 84]}}, {"pk": 9, "model": "auth.group", "fields": {"name": "\u603b\u5e08\u529e", "permissions": [31, 32]}}, {"pk": 10, "model": "auth.group", "fields": {"name": "\u603b\u52a9", "permissions": [31, 32]}}, {"pk": 11, "model": "auth.group", "fields": {"name": "\u7ecf\u8425\u90e8", "permissions": [31, 32]}}, {"pk": 1, "model": "workflow.route", "fields": {"group": 6, "route_name": "\u9879\u76ee\u6750\u6599\u7533\u8bf7"}}, {"pk": 2, "model": "workflow.route", "fields": {"group": 5, "route_name": "\u4ed8\u6b3e\u7533\u8bf7"}}, {"pk": 1, "model": "user.userinfo", "fields": {"username": "admin", "first_name": "", "last_name": "", "phone": null, "is_active": true, "is_superuser": true, "is_staff": true, "last_login": "2014-07-25T04:17:07Z", "groups": [], "user_permissions": [], "password": "pbkdf2_sha256$12000$zWzOq9PrfWdM$Zubg09EKPvH+sxXT/gt6eOb2QWXyz8xerJbtmxYWgzY=", "email": "bobshi0213@gmail.com", "date_joined": "2014-04-16T06:23:43Z"}}, {"pk": 2, "model": "user.userinfo", "fields": {"username": "sk", "first_name": "\u5eb7", "last_name": "\u90b5", "phone": "", "is_active": true, "is_superuser": false, "is_staff": true, "last_login": "2014-07-25T04:53:23Z", "groups": [1], "user_permissions": [], "password": "pbkdf2_sha256$12000$aRzrtnecdwPD$h7qwkqdd8G6d7bExJygY7GC0HUe56Q/oY1MgrQOw/jc=", "email": "", "date_joined": "2014-04-16T06:24:29Z"}}, {"pk": 3, "model": "user.userinfo", "fields": {"username": "lwy", "first_name": "\u6587\u827a", "last_name": "\u5218", "phone": "", "is_active": true, "is_superuser": false, "is_staff": true, "last_login": "2014-07-25T04:52:10Z", "groups": [2], "user_permissions": [], "password": "pbkdf2_sha256$12000$0marWjxuGT5T$NZtfV4ZDHbrlUFtbnQXQpVoAusUwFcBTAKYiQPSLkvM=", "email": "", "date_joined": "2014-04-16T06:34:03Z"}}, {"pk": 4, "model": "user.userinfo", "fields": {"username": "lgm", "first_name": "\u5173\u660e", "last_name": "\u5362", "phone": "", "is_active": true, "is_superuser": false, "is_staff": true, "last_login": "2014-07-25T04:51:42Z", "groups": [3], "user_permissions": [], "password": "pbkdf2_sha256$12000$iD7bDC9wKrlZ$KMhTmCeN7rZuWkI3wAmA0Slt93L8tg2doNjcTQeOR6w=", "email": "", "date_joined": "2014-04-16T06:34:25Z"}}, {"pk": 10, "model": "user.userinfo", "fields": {"username": "gxh", "first_name": "\u8bad\u534e", "last_name": "\u987e", "phone": "", "is_active": true, "is_superuser": false, "is_staff": true, "last_login": "2014-07-25T04:53:42Z", "groups": [8], "user_permissions": [], "password": "pbkdf2_sha256$12000$PjAMD9dMm33s$62X8Oss9Hg0Mj7AGVMkDNwq0WaIik9d3jJNV1mVqIc0=", "email": "", "date_joined": "2014-05-30T05:51:57Z"}}, {"pk": 11, "model": "user.userinfo", "fields": {"username": "qzx", "first_name": "\u7956\u5174", "last_name": "\u7941", "phone": "", "is_active": true, "is_superuser": false, "is_staff": true, "last_login": "2014-06-29T23:13:15Z", "groups": [9], "user_permissions": [], "password": "pbkdf2_sha256$12000$VA2y8FVbbKt4$l2LwdVa2dSWXc0cNUX8GZDEynUQvaDnUEegPK5lrHXc=", "email": "", "date_joined": "2014-06-19T04:38:43Z"}}, {"pk": 12, "model": "user.userinfo", "fields": {"username": "zz", "first_name": "\u5fe0", "last_name": "\u5f20", "phone": "", "is_active": true, "is_superuser": false, "is_staff": true, "last_login": "2014-07-25T04:43:33Z", "groups": [6], "user_permissions": [], "password": "pbkdf2_sha256$12000$bYfO6L7y7hCo$pOjGd4vD/cGNOJ39oPFxUd54Ba2zDqBz8GvfYarCVcs=", "email": "", "date_joined": "2014-06-19T04:40:11Z"}}, {"pk": 13, "model": "user.userinfo", "fields": {"username": "zjx", "first_name": "\u9759\u971e", "last_name": "\u8d75", "phone": "", "is_active": true, "is_superuser": false, "is_staff": true, "last_login": "2014-06-19T05:37:09Z", "groups": [7], "user_permissions": [], "password": "pbkdf2_sha256$12000$IgOjg6d1jtUd$16mqAmUybiH9SXgPcitEyVaDJQHGU9acmp/08g6jFWw=", "email": "", "date_joined": "2014-06-19T04:43:50Z"}}, {"pk": 14, "model": "user.userinfo", "fields": {"username": "yq", "first_name": "\u82b9", "last_name": "\u59da", "phone": "", "is_active": true, "is_superuser": false, "is_staff": true, "last_login": "2014-06-19T05:28:32Z", "groups": [7], "user_permissions": [], "password": "pbkdf2_sha256$12000$1w4iyfk3e2ra$jGY9uPwsW9QGID1VOYGjow9r0HygaXoughWSPUPakek=", "email": "", "date_joined": "2014-06-19T04:44:40Z"}}, {"pk": 15, "model": "user.userinfo", "fields": {"username": "cx", "first_name": "\u6b23", "last_name": "\u8521", "phone": "", "is_active": true, "is_superuser": false, "is_staff": true, "last_login": "2014-06-19T05:30:21Z", "groups": [11], "user_permissions": [], "password": "pbkdf2_sha256$12000$y8n7651jawAG$BdezGM1veXQCi1WiXK8e7qEQMnFb23y+jTBqrwkbMiw=", "email": "", "date_joined": "2014-06-19T04:45:09Z"}}, {"pk": 16, "model": "user.userinfo", "fields": {"username": "lhm", "first_name": "\u60e0\u660e", "last_name": "\u502a", "phone": "", "is_active": true, "is_superuser": false, "is_staff": true, "last_login": "2014-06-19T05:31:29Z", "groups": [11], "user_permissions": [], "password": "pbkdf2_sha256$12000$t9tGv8Zjs0Jf$57IX9hYyMw5AZtEhVNMMemqVcn3KCfb5LgI8E4f86Uk=", "email": "", "date_joined": "2014-06-19T04:45:42Z"}}, {"pk": 17, "model": "user.userinfo", "fields": {"username": "xy", "first_name": "\u8273", "last_name": "\u5f90", "phone": "", "is_active": true, "is_superuser": false, "is_staff": true, "last_login": "2014-06-19T05:31:39Z", "groups": [11], "user_permissions": [], "password": "pbkdf2_sha256$12000$N2oOgS9a4MiH$MW3Q6Kb5qwMD4dkr+12Baw1HJ3wJ5GJ3JDV7LzX4bYg=", "email": "", "date_joined": "2014-06-19T04:46:18Z"}}, {"pk": 18, "model": "user.userinfo", "fields": {"username": "zgz", "first_name": "\u56fd\u73cd", "last_name": "\u5f20", "phone": "", "is_active": true, "is_superuser": false, "is_staff": true, "last_login": "2014-06-19T05:31:56Z", "groups": [5], "user_permissions": [], "password": "pbkdf2_sha256$12000$t8NfitEJlGib$qZBKDNQqypX/tqgL/JWwRo8ococX6KaN0s9rmTGft9g=", "email": "", "date_joined": "2014-06-19T04:46:46Z"}}, {"pk": 19, "model": "user.userinfo", "fields": {"username": "wl", "first_name": "\u4e3d", "last_name": "\u738b", "phone": "", "is_active": true, "is_superuser": false, "is_staff": true, "last_login": "2014-07-25T04:54:29Z", "groups": [5], "user_permissions": [], "password": "pbkdf2_sha256$12000$KDf3Lam0ZjYS$XQ9ubo64rNljRR4uquTFJhVZQe9D/86BBD/m73Rm6IE=", "email": "", "date_joined": "2014-06-19T04:47:10Z"}}, {"pk": 20, "model": "user.userinfo", "fields": {"username": "yqm", "first_name": "\u79cb\u660e", "last_name": "\u8881", "phone": "", "is_active": true, "is_superuser": false, "is_staff": true, "last_login": "2014-06-19T05:32:55Z", "groups": [5], "user_permissions": [], "password": "pbkdf2_sha256$12000$QethqgyJNzN1$rcxy0eo8776L7oZc94FUsEkILa2PLUAATl971aiy3To=", "email": "", "date_joined": "2014-06-19T04:47:32Z"}}, {"pk": 21, "model": "user.userinfo", "fields": {"username": "zxh", "first_name": "\u7965\u6167", "last_name": "\u5468", "phone": "", "is_active": true, "is_superuser": false, "is_staff": true, "last_login": "2014-06-19T05:33:54Z", "groups": [4], "user_permissions": [], "password": "pbkdf2_sha256$12000$bUGdpuH6xXvC$wrOqF93IqDBMgyd1dmE2ylCfByfhkkJ+2igCrPv1gUs=", "email": "", "date_joined": "2014-06-19T04:48:49Z"}}, {"pk": 22, "model": "user.userinfo", "fields": {"username": "lhl", "first_name": "\u6d77\u73b2", "last_name": "\u6881", "phone": "", "is_active": true, "is_superuser": false, "is_staff": true, "last_login": "2014-06-19T05:34:18Z", "groups": [4], "user_permissions": [], "password": "pbkdf2_sha256$12000$FW8zUKIdaGDZ$gcGT/mOyp6CiAnPhk+plmn937yHld73cWMsTMkp3QLM=", "email": "", "date_joined": "2014-06-19T04:49:24Z"}}, {"pk": 23, "model": "user.userinfo", "fields": {"username": "jlp", "first_name": "\u8389\u840d", "last_name": "\u6c5f", "phone": "", "is_active": true, "is_superuser": false, "is_staff": true, "last_login": "2014-06-19T05:34:30Z", "groups": [4], "user_permissions": [], "password": "pbkdf2_sha256$12000$U2w7eFww8PJt$atFHlFj0ABNRMEZy1vsZk7GEcRzIWt7laYFg+y4M6fY=", "email": "", "date_joined": "2014-06-19T04:54:20Z"}}, {"pk": 24, "model": "user.userinfo", "fields": {"username": "glq", "first_name": "\u5229\u6743", "last_name": "\u845b", "phone": "", "is_active": true, "is_superuser": false, "is_staff": true, "last_login": "2014-06-29T17:07:27Z", "groups": [6], "user_permissions": [], "password": "pbkdf2_sha256$12000$7WUicszy67Wo$zWZIuADCE54zlrrfGqVj03IRcJnUjxJtTjGNytNb9iA=", "email": "", "date_joined": "2014-06-19T04:55:08Z"}}, {"pk": 25, "model": "user.userinfo", "fields": {"username": "zj", "first_name": "\u519b", "last_name": "\u5de6", "phone": "", "is_active": true, "is_superuser": false, "is_staff": true, "last_login": "2014-06-19T23:04:42Z", "groups": [6], "user_permissions": [], "password": "pbkdf2_sha256$12000$HMdvMBq0taim$Da0RrtEoll/5kNt4aTBIlOOzTxSfwlQl5tjRT+3MTVg=", "email": "", "date_joined": "2014-06-19T04:55:35Z"}}, {"pk": 26, "model": "user.userinfo", "fields": {"username": "fql", "first_name": "\u94a6\u6797", "last_name": "\u8303", "phone": "", "is_active": true, "is_superuser": false, "is_staff": true, "last_login": "2014-06-19T05:37:41Z", "groups": [6], "user_permissions": [], "password": "pbkdf2_sha256$12000$tCLiuZffjV3D$UV43aREf5rXCDyhdCgAFjar+hUSpw0na/Iulkde1jl4=", "email": "", "date_joined": "2014-06-19T04:56:15Z"}}, {"pk": 27, "model": "user.userinfo", "fields": {"username": "zcx", "first_name": "\u4f20\u65b0", "last_name": "\u6731", "phone": "", "is_active": true, "is_superuser": false, "is_staff": true, "last_login": "2014-06-19T05:37:57Z", "groups": [6], "user_permissions": [], "password": "pbkdf2_sha256$12000$cUtx4OjxMsBU$bJzueHdBDwmpd15ZxsxSF6RUIqAn4/7jF6lwhDayD58=", "email": "", "date_joined": "2014-06-19T04:56:57Z"}}, {"pk": 28, "model": "user.userinfo", "fields": {"username": "xf", "first_name": "\u5cf0", "last_name": "\u5f90", "phone": "", "is_active": true, "is_superuser": false, "is_staff": true, "last_login": "2014-06-19T05:38:13Z", "groups": [6], "user_permissions": [], "password": "pbkdf2_sha256$12000$4XiQq3wCdJ9L$rOgdI0PneY6/ymy1utxi58hJ60YgZnk4NWPek7Cw2zo=", "email": "", "date_joined": "2014-06-19T04:57:30Z"}}, {"pk": 29, "model": "user.userinfo", "fields": {"username": "sdl", "first_name": "\u5fb7\u8363", "last_name": "\u82cf", "phone": "", "is_active": true, "is_superuser": false, "is_staff": true, "last_login": "2014-06-19T05:38:31Z", "groups": [6], "user_permissions": [], "password": "pbkdf2_sha256$12000$tXFLZwD4WxAb$VJumRqynsaHI61RH+jQUgsmV2OHGrf0LVZMpO7mOuhk=", "email": "", "date_joined": "2014-06-19T04:58:07Z"}}, {"pk": 30, "model": "user.userinfo", "fields": {"username": "zjq", "first_name": "\u5efa\u79cb", "last_name": "\u6731", "phone": "", "is_active": true, "is_superuser": false, "is_staff": true, "last_login": "2014-06-19T05:38:43Z", "groups": [6], "user_permissions": [], "password": "pbkdf2_sha256$12000$iOJDTlBa92K3$cyFSRlzw6QzTiOFZJv6rbiO6+GMx3r7RJYCwEcCrML4=", "email": "", "date_joined": "2014-06-19T04:58:36Z"}}, {"pk": 31, "model": "user.userinfo", "fields": {"username": "tgz", "first_name": "\u8d35\u9707", "last_name": "\u6c64", "phone": "", "is_active": true, "is_superuser": false, "is_staff": true, "last_login": "2014-06-19T05:38:54Z", "groups": [6], "user_permissions": [], "password": "pbkdf2_sha256$12000$oCHOmZf04T3q$fjQzGtLDVhjuvc8XXHt05I/czBJX4oDPhQkXNml5B1Y=", "email": "", "date_joined": "2014-06-19T04:59:01Z"}}, {"pk": 32, "model": "user.userinfo", "fields": {"username": "pj", "first_name": "\u9756", "last_name": "\u5f6d", "phone": "", "is_active": true, "is_superuser": false, "is_staff": true, "last_login": "2014-06-19T05:39:06Z", "groups": [6], "user_permissions": [], "password": "pbkdf2_sha256$12000$Lq5z7fUkaiyB$XHfnjG9ClvRrBe3+gqsJ3b4Jqwft8u9S2WggiyjKi50=", "email": "", "date_joined": "2014-06-19T04:59:28Z"}}, {"pk": 33, "model": "user.userinfo", "fields": {"username": "ljw", "first_name": "\u91d1\u4f1f", "last_name": "\u51cc", "phone": "", "is_active": true, "is_superuser": false, "is_staff": true, "last_login": "2014-06-19T05:39:59Z", "groups": [6], "user_permissions": [], "password": "pbkdf2_sha256$12000$kPIGyb0vmPbM$hx46tlreTTua7RaV2cvL1ddGhpplZKVd4qC1t4UDF9s=", "email": "", "date_joined": "2014-06-19T04:59:57Z"}}, {"pk": 34, "model": "user.userinfo", "fields": {"username": "wms", "first_name": "\u8302\u76db", "last_name": "\u5434", "phone": "", "is_active": true, "is_superuser": false, "is_staff": true, "last_login": "2014-06-19T05:40:11Z", "groups": [6], "user_permissions": [], "password": "pbkdf2_sha256$12000$hAv810NmJwS2$Wp1KiU4NejyAo65hiX0DJuEunTiMTZwHAKKsMCqDx9I=", "email": "", "date_joined": "2014-06-19T05:00:26Z"}}, {"pk": 35, "model": "user.userinfo", "fields": {"username": "zl", "first_name": "\u4eae", "last_name": "\u5f20", "phone": "", "is_active": true, "is_superuser": false, "is_staff": true, "last_login": "2014-06-19T05:40:21Z", "groups": [6], "user_permissions": [], "password": "pbkdf2_sha256$12000$mMp72L5PDk4k$b7t8f8qZZ81+bdnRCetM69Z+jHn/KaRNmIVjDvKKtoE=", "email": "", "date_joined": "2014-06-19T05:00:58Z"}}, {"pk": 36, "model": "user.userinfo", "fields": {"username": "zdj", "first_name": "\u5927\u6676", "last_name": "\u5f20", "phone": "", "is_active": true, "is_superuser": false, "is_staff": true, "last_login": "2014-06-19T05:40:32Z", "groups": [6], "user_permissions": [], "password": "pbkdf2_sha256$12000$HejkJMrGVwgb$JbzIKBJjflzNvsensA0TMDM8cYcl0wI1QqGEc1jguDY=", "email": "", "date_joined": "2014-06-19T05:01:24Z"}}, {"pk": 37, "model": "user.userinfo", "fields": {"username": "ydh", "first_name": "\u5927\u4ea8", "last_name": "\u6768", "phone": "", "is_active": true, "is_superuser": false, "is_staff": true, "last_login": "2014-06-19T05:40:42Z", "groups": [6], "user_permissions": [], "password": "pbkdf2_sha256$12000$LDmFFB8EOph3$p00ATmy/92MpCD3bsKfRhDnBbLykqwuN0OWAZRWcP7Q=", "email": "", "date_joined": "2014-06-19T05:01:53Z"}}, {"pk": 38, "model": "user.userinfo", "fields": {"username": "lm", "first_name": "\u660e", "last_name": "\u674e", "phone": "", "is_active": true, "is_superuser": false, "is_staff": true, "last_login": "2014-06-19T05:40:52Z", "groups": [6], "user_permissions": [], "password": "pbkdf2_sha256$12000$TMSgM3GYblOq$3KVUlkw8g33L8iPo4kcXWaQ2f8mES8IKokjx7s/VXYM=", "email": "", "date_joined": "2014-06-19T05:02:23Z"}}, {"pk": 39, "model": "user.userinfo", "fields": {"username": "zdq", "first_name": "\u767b\u5f3a", "last_name": "\u8d75", "phone": "", "is_active": true, "is_superuser": false, "is_staff": true, "last_login": "2014-06-19T05:41:03Z", "groups": [6], "user_permissions": [], "password": "pbkdf2_sha256$12000$BTWGqawaxfxa$wrn8uvrSUlA2CDEou4UVioLlrsbd4nMhDBCg+Y4kHGQ=", "email": "", "date_joined": "2014-06-19T05:02:47Z"}}, {"pk": 40, "model": "user.userinfo", "fields": {"username": "fdf", "first_name": "\u51ac\u5cf0", "last_name": "\u8303", "phone": "", "is_active": true, "is_superuser": false, "is_staff": true, "last_login": "2014-06-19T05:41:14Z", "groups": [6], "user_permissions": [], "password": "pbkdf2_sha256$12000$zxWfsSOEMBvD$Z5HkE4guVIoYglvkx2m5ei5sraV0uj/X4F7Tnkdb78Q=", "email": "", "date_joined": "2014-06-19T05:03:12Z"}}, {"pk": 1, "model": "xadmin.usersettings", "fields": {"value": "", "user": 1, "key": "dashboard:home:pos"}}, {"pk": 3, "model": "xadmin.usersettings", "fields": {"value": "", "user": 4, "key": "dashboard:home:pos"}}, {"pk": 4, "model": "xadmin.usersettings", "fields": {"value": "", "user": 3, "key": "dashboard:home:pos"}}, {"pk": 6, "model": "xadmin.usersettings", "fields": {"value": "", "user": 2, "key": "dashboard:home:pos"}}, {"pk": 8, "model": "xadmin.usersettings", "fields": {"value": "box-0,box-1,box-2,box-3,box-4|box-5", "user": 1, "key": "user_userinfo_editform_portal"}}, {"pk": 9, "model": "xadmin.usersettings", "fields": {"value": "", "user": 10, "key": "dashboard:home:pos"}}, {"pk": 10, "model": "xadmin.usersettings", "fields": {"value": "box-0,box-1,box-2", "user": 4, "key": "payment_payment_editform_portal"}}, {"pk": 12, "model": "xadmin.usersettings", "fields": {"value": "", "user": 11, "key": "dashboard:home:pos"}}, {"pk": 13, "model": "xadmin.usersettings", "fields": {"value": "", "user": 21, "key": "dashboard:home:pos"}}, {"pk": 14, "model": "xadmin.usersettings", "fields": {"value": "", "user": 12, "key": "dashboard:home:pos"}}, {"pk": 15, "model": "xadmin.usersettings", "fields": {"value": "", "user": 13, "key": "dashboard:home:pos"}}, {"pk": 16, "model": "xadmin.usersettings", "fields": {"value": "", "user": 14, "key": "dashboard:home:pos"}}, {"pk": 17, "model": "xadmin.usersettings", "fields": {"value": "", "user": 15, "key": "dashboard:home:pos"}}, {"pk": 18, "model": "xadmin.usersettings", "fields": {"value": "", "user": 16, "key": "dashboard:home:pos"}}, {"pk": 19, "model": "xadmin.usersettings", "fields": {"value": "", "user": 17, "key": "dashboard:home:pos"}}, {"pk": 20, "model": "xadmin.usersettings", "fields": {"value": "", "user": 18, "key": "dashboard:home:pos"}}, {"pk": 21, "model": "xadmin.usersettings", "fields": {"value": "", "user": 19, "key": "dashboard:home:pos"}}, {"pk": 22, "model": "xadmin.usersettings", "fields": {"value": "", "user": 20, "key": "dashboard:home:pos"}}, {"pk": 23, "model": "xadmin.usersettings", "fields": {"value": "", "user": 22, "key": "dashboard:home:pos"}}, {"pk": 24, "model": "xadmin.usersettings", "fields": {"value": "", "user": 23, "key": "dashboard:home:pos"}}, {"pk": 25, "model": "xadmin.usersettings", "fields": {"value": "", "user": 24, "key": "dashboard:home:pos"}}, {"pk": 26, "model": "xadmin.usersettings", "fields": {"value": "", "user": 25, "key": "dashboard:home:pos"}}, {"pk": 27, "model": "xadmin.usersettings", "fields": {"value": "", "user": 26, "key": "dashboard:home:pos"}}, {"pk": 28, "model": "xadmin.usersettings", "fields": {"value": "", "user": 27, "key": "dashboard:home:pos"}}, {"pk": 29, "model": "xadmin.usersettings", "fields": {"value": "", "user": 28, "key": "dashboard:home:pos"}}, {"pk": 30, "model": "xadmin.usersettings", "fields": {"value": "", "user": 29, "key": "dashboard:home:pos"}}, {"pk": 31, "model": "xadmin.usersettings", "fields": {"value": "", "user": 30, "key": "dashboard:home:pos"}}, {"pk": 32, "model": "xadmin.usersettings", "fields": {"value": "", "user": 31, "key": "dashboard:home:pos"}}, {"pk": 33, "model": "xadmin.usersettings", "fields": {"value": "", "user": 32, "key": "dashboard:home:pos"}}, {"pk": 34, "model": "xadmin.usersettings", "fields": {"value": "", "user": 33, "key": "dashboard:home:pos"}}, {"pk": 35, "model": "xadmin.usersettings", "fields": {"value": "", "user": 34, "key": "dashboard:home:pos"}}, {"pk": 36, "model": "xadmin.usersettings", "fields": {"value": "", "user": 35, "key": "dashboard:home:pos"}}, {"pk": 37, "model": "xadmin.usersettings", "fields": {"value": "", "user": 36, "key": "dashboard:home:pos"}}, {"pk": 38, "model": "xadmin.usersettings", "fields": {"value": "", "user": 37, "key": "dashboard:home:pos"}}, {"pk": 39, "model": "xadmin.usersettings", "fields": {"value": "", "user": 38, "key": "dashboard:home:pos"}}, {"pk": 40, "model": "xadmin.usersettings", "fields": {"value": "", "user": 39, "key": "dashboard:home:pos"}}, {"pk": 41, "model": "xadmin.usersettings", "fields": {"value": "", "user": 40, "key": "dashboard:home:pos"}}, {"pk": 42, "model": "xadmin.usersettings", "fields": {"value": "box-0,box-1,box-2", "user": 19, "key": "payment_payment_editform_portal"}}, {"pk": 1, "model": "workflow.actoruser", "fields": {"user": 4, "actor": 1}}, {"pk": 2, "model": "workflow.actoruser", "fields": {"user": 3, "actor": 2}}, {"pk": 3, "model": "workflow.actoruser", "fields": {"user": 2, "actor": 3}}, {"pk": 4, "model": "workflow.actoruser", "fields": {"user": 4, "actor": 4}}, {"pk": 5, "model": "workflow.actoruser", "fields": {"user": 3, "actor": 5}}, {"pk": 6, "model": "workflow.actoruser", "fields": {"user": 2, "actor": 6}}, {"pk": 7, "model": "workflow.actoruser", "fields": {"user": 10, "actor": 7}}, {"pk": 3, "model": "project.project", "fields": {"scale": "", "name": "\u5317\u6781\u661f\u82b1\u56ed", "end_date": null, "payment_type": "", "company": 1, "settlement_method": "", "bid_date": null, "amount": "2000.00", "estimate_user": 21, "construct_unit": "", "users": [25], "property": "", "start_date": null, "contract_format": ""}}, {"pk": 4, "model": "project.project", "fields": {"scale": "", "name": "\u91d1\u9e70", "end_date": "2014-06-19", "payment_type": "", "company": 2, "settlement_method": "", "bid_date": "2014-06-19", "amount": "20000.00", "estimate_user": 21, "construct_unit": "\u91d1\u9e70", "users": [12], "property": "", "start_date": "2014-06-19", "contract_format": ""}}]